!!SBtab	Document='covid19' TableName='Parameter' TableType='Quantity' TableTitle='rates'						
!ID	!Name	!Scale	!DefaultValue	!Unit	!Std	Original Value	!Value:linspace
P0	b	log	-1.1943822741668726	1/day	5	0.25	0.302891
P1	a	log	-1.6247089230326877	1/day	5	0.18181818181818182	0.196969
P2	c	log	-4.745011731531498	1/day	5	0.006	0.00869496
P3	l	log	-1.9790967839311275	1/day	5	0.1	0.138194
P4	m	log	-0.3662578565839519	1/day	5	0.1	0.693324
